{
  "best_epoch": 8,
  "ev_exact_accuracy": 0.13741552324390743,
  "ev_mean_points": 1.3438459963137415,
  "ev_outcome_accuracy": 0.5725988122056113,
  "exact_accuracy": 0.13045259062052017,
  "loss": 1.729663330268938,
  "matrix_outcome_accuracy": 0.5893917673561335,
  "outcome_accuracy": 0.5842719639565841,
  "outcome_temperature": 1.262596,
  "scoreline_temperature": 1.151546,
  "top_mean_points": 1.2893712881425354,
  "train_examples": 43944,
  "valid_examples": 4883
}