{
  "best_loss": 1.3195083163298718,
  "epoch": 22,
  "ev_exact_accuracy": 0.09318042187180012,
  "ev_mean_points": 1.1085398320704485,
  "ev_outcome_accuracy": 0.5306164243293058,
  "exact_accuracy": 0.09174687691992628,
  "loss": 2.6301498897442337,
  "matrix_outcome_accuracy": 0.5334835142330534,
  "max_epochs": 180,
  "outcome_accuracy": 0.5365553962727831,
  "run_label": "final",
  "seconds": 4.021,
  "stale_epochs": 20,
  "top_mean_points": 1.0980954331353676,
  "train_loss": 0.8346008480669436,
  "updated_at_utc": "2026-06-07T14:58:33Z"
}